survey_slug,branch_modul,seite_step,section_id,section_titel,frage_id,frage_key,reihenfolge,fragetext,kurztext_label,beschreibung_hinweis,input_typ,untertyp,pflichtfeld,placeholder,default_wert,validierung,min_wert,max_wert,min_zeichen,max_zeichen,mehrfachauswahl,bedingt_angezeigt,anzeigen_wenn_logik,abhängig_von_frage_id,hilfe_tooltip,technischer_pfad,aktiv_inaktiv
umfrage-ggv,about,about,about,1. Über Sie,actorTypes,actor_types,1,In welche Akteursgruppe fallen Sie?,In welche Akteursgruppe fallen Sie?,,multi-select,,nein,,,,,,,,ja,nein,,,,sections[about].questions[actorTypes],aktiv
umfrage-ggv,about,about,about,1. Über Sie,actorDienstleisterCategory,actor_dienstleister_category,2,In welche Kategorie von Dienstleister ordnen Sie sich ein?,In welche Kategorie von Dienstleister ordnen Sie sich ein?,Wählen Sie alle zutreffenden Kategorien aus.,multi-select,,nein,,,,,,,,ja,ja,"actorTypes enthält ""dienstleister""",actorTypes,Wählen Sie alle zutreffenden Kategorien aus.,sections[about].questions[actorDienstleisterCategory],aktiv
umfrage-ggv,about,about,about,1. Über Sie,dienstleisterWebsite,dienstleister_website,3,Für Dienstleister: Webadresse und Kontaktdaten,Für Dienstleister: Webadresse und Kontaktdaten,,text,,nein,,,,,,,,nein,ja,"actorTypes enthält ""dienstleister""",actorTypes,,sections[about].questions[dienstleisterWebsite],aktiv
umfrage-ggv,about,about,about,1. Über Sie,dienstleisterKontakt,dienstleister_kontakt,4,,,,text,,nein,,,,,,,,nein,ja,"actorTypes enthält ""dienstleister""",actorTypes,,sections[about].questions[dienstleisterKontakt],aktiv
umfrage-ggv,about,about,about,1. Über Sie,motivation,motivation,5,Wie würden Sie Ihre Motivation einordnen?,Wie würden Sie Ihre Motivation einordnen?,,multi-select,,nein,,,,,,,,ja,nein,,,,sections[about].questions[motivation],aktiv
umfrage-ggv,about,about,about,1. Über Sie,contactEmail,contact_email,6,"Falls wir Sie bei Rückfragen kontaktieren dürfen, lassen Sie gerne eine E-Mail da","Falls wir Sie bei Rückfragen kontaktieren dürfen, lassen Sie gerne eine E-Mail da",,email,,nein,,,,,,,,nein,nein,,,,sections[about].questions[contactEmail],aktiv
umfrage-ggv,about,about,about,1. Über Sie,confirmationForUpdate,confirmation_for_update,7,"Falls Sie eine Info über die Ergebnisse der Umfrage per E-Mail erhalten möchten, lassen Sie uns das wissen:","Falls Sie eine Info über die Ergebnisse der Umfrage per E-Mail erhalten möchten, lassen Sie uns das wissen:",,single-select,,nein,,,,,,,,nein,nein,,,,sections[about].questions[confirmationForUpdate],aktiv
umfrage-ggv,project,project,project,2. Projekt,vnbName,vnb_name,8,Welcher Verteilnetzbetreiber ist für Ihr Projekt zuständig?,Welcher Verteilnetzbetreiber ist für Ihr Projekt zuständig?,Suchen oder geben Sie den Namen Ihres Verteilnetzbetreibers ein,vnb-select,,,,,,,,,,nein,nein,,,Suchen oder geben Sie den Namen Ihres Verteilnetzbetreibers ein,sections[project].questions[vnbName],aktiv
umfrage-ggv,project,project,project,2. Projekt,projectTypes,project_types,9,Welche Art von Projekt möchten Sie gerne umsetzen / haben Sie umgesetzt?,Welche Art von Projekt möchten Sie gerne umsetzen / haben Sie umgesetzt?,"Die Auswahl hier entscheidet darüber, welche Fragen im Weiteren angezeigt werden.",multi-select,,ja,,,,,,,,ja,nein,,,"Die Auswahl hier entscheidet darüber, welche Fragen im Weiteren angezeigt werden.",sections[project].questions[projectTypes],aktiv
umfrage-ggv,project,project,project,2. Projekt,planningStatus,planning_status,10,Wo stehen Sie aktuell mit dem Projekt?,Wo stehen Sie aktuell mit dem Projekt?,"Die Auswahl hier entscheidet darüber, welche Fragen im Weiteren angezeigt werden.",single-select,,ja,,,,,,,,nein,ja,"projectTypes enthält eines von [ggv, mieterstrom, ggv_oder_mieterstrom]",projectTypes,"Die Auswahl hier entscheidet darüber, welche Fragen im Weiteren angezeigt werden.",sections[project].questions[planningStatus],aktiv
umfrage-ggv,project,project,project,2. Projekt,mieterstromPlanningStatus,mieterstrom_planning_status,11,Wo stehen Sie aktuell mit dem Mieterstrom-Projekt?,Wo stehen Sie aktuell mit dem Mieterstrom-Projekt?,"Die Auswahl hier entscheidet darüber, welche Fragen im Weiteren angezeigt werden.",single-select,,ja,,,,,,,,nein,ja,"(projectTypes enthält ""mieterstrom"") UND (projectTypes enthält eines von [ggv, ggv_oder_mieterstrom])",projectTypes,"Die Auswahl hier entscheidet darüber, welche Fragen im Weiteren angezeigt werden.",sections[project].questions[mieterstromPlanningStatus],aktiv
umfrage-ggv,project,project,project,2. Projekt,ggvProjectType,ggv_project_type,12,Wie viele GGV-Projekte planen/betreiben Sie?,Wie viele GGV-Projekte planen/betreiben Sie?,,single-select,,nein,,,,,,,,nein,ja,"projectTypes enthält eines von [ggv, ggv_oder_mieterstrom]",projectTypes,,sections[project].questions[ggvProjectType],aktiv
umfrage-ggv,project,project,project,2. Projekt,ggvPvSizeKw,ggv_pv_size_kw,13,Größe der PV-Anlage in kW - GGV,Größe der PV-Anlage in kW - GGV,,number,,nein,,,,,,,,nein,ja,"projectTypes enthält eines von [ggv, ggv_oder_mieterstrom]",projectTypes,,sections[project].questions[ggvPvSizeKw],aktiv
umfrage-ggv,project,project,project,2. Projekt,ggvPartyCount,ggv_party_count,14,"Anzahl der Parteien, die Strom abnehmen - GGV","Anzahl der Parteien, die Strom abnehmen - GGV",,number,,nein,,,,,,,,nein,ja,"projectTypes enthält eines von [ggv, ggv_oder_mieterstrom]",projectTypes,,sections[project].questions[ggvPartyCount],aktiv
umfrage-ggv,project,project,project,2. Projekt,ggvBuildingType,ggv_building_type,15,Art des Gebäudes - GGV,Art des Gebäudes - GGV,,single-select,,nein,,,,,,,,nein,ja,"projectTypes enthält eines von [ggv, ggv_oder_mieterstrom]",projectTypes,,sections[project].questions[ggvBuildingType],aktiv
umfrage-ggv,project,project,project,2. Projekt,ggvBuildingCount,ggv_building_count,16,Gesamtzahl der Projekte - GGV,Gesamtzahl der Projekte - GGV,,number,,nein,,,,,,,,nein,ja,"(projectTypes enthält eines von [ggv, ggv_oder_mieterstrom]) UND (ggvProjectType == ""multiple"")",projectTypes,,sections[project].questions[ggvBuildingCount],aktiv
umfrage-ggv,project,project,project,2. Projekt,ggvAdditionalInfo,ggv_additional_info,17,Zusätzliche Informationen - GGV,Zusätzliche Informationen - GGV,,textarea,,nein,,,,,,,,nein,ja,"projectTypes enthält eines von [ggv, ggv_oder_mieterstrom]",projectTypes,,sections[project].questions[ggvAdditionalInfo],aktiv
umfrage-ggv,project,project,project,2. Projekt,projectLocations,project_locations,18,Standort(e) des GGV-Projekts,Standort(e) des GGV-Projekts,(optional – nur wenn Anzeige auf einer Deutschlandkarte auf https://www.ggv-transparenz.de erwünscht ist),text,,nein,,,,,,,,nein,ja,"projectTypes enthält eines von [ggv, ggv_oder_mieterstrom]",projectTypes,(optional – nur wenn Anzeige auf einer Deutschlandkarte auf https://www.ggv-transparenz.de erwünscht ist),sections[project].questions[projectLocations],aktiv
umfrage-ggv,project,project,project,2. Projekt,mieterstromProjectType,mieterstrom_project_type,19,Wie viele Mieterstrom-Projekte planen/betreiben Sie? (optional),Wie viele Mieterstrom-Projekte planen/betreiben Sie? (optional),,single-select,,,,,,,,,,nein,ja,"projectTypes enthält ""mieterstrom""",projectTypes,,sections[project].questions[mieterstromProjectType],aktiv
umfrage-ggv,project,project,project,2. Projekt,mieterstromPvSizeKw,mieterstrom_pv_size_kw,20,Größe der PV-Anlage(n) in kW - Mieterstrom,Größe der PV-Anlage(n) in kW - Mieterstrom,,number,,nein,,,,,,,,nein,ja,"projectTypes enthält ""mieterstrom""",projectTypes,,sections[project].questions[mieterstromPvSizeKw],aktiv
umfrage-ggv,project,project,project,2. Projekt,mieterstromPartyCount,mieterstrom_party_count,21,"Anzahl der Parteien, die Strom abnehmen - Mieterstrom","Anzahl der Parteien, die Strom abnehmen - Mieterstrom",,number,,nein,,,,,,,,nein,ja,"projectTypes enthält ""mieterstrom""",projectTypes,,sections[project].questions[mieterstromPartyCount],aktiv
umfrage-ggv,project,project,project,2. Projekt,mieterstromBuildingType,mieterstrom_building_type,22,Art des Gebäudes - Mieterstrom,Art des Gebäudes - Mieterstrom,,single-select,,nein,,,,,,,,nein,ja,"projectTypes enthält ""mieterstrom""",projectTypes,,sections[project].questions[mieterstromBuildingType],aktiv
umfrage-ggv,project,project,project,2. Projekt,mieterstromBuildingCount,mieterstrom_building_count,23,Gesamtzahl der Projekte - Mieterstrom,Gesamtzahl der Projekte - Mieterstrom,,number,,nein,,,,,,,,nein,ja,"(projectTypes enthält ""mieterstrom"") UND (mieterstromProjectType == ""multiple"")",projectTypes,,sections[project].questions[mieterstromBuildingCount],aktiv
umfrage-ggv,project,project,project,2. Projekt,mieterstromAdditionalInfo,mieterstrom_additional_info,24,Zusätzliche Informationen - Mieterstrom,Zusätzliche Informationen - Mieterstrom,,textarea,,nein,,,,,,,,nein,ja,"projectTypes enthält ""mieterstrom""",projectTypes,,sections[project].questions[mieterstromAdditionalInfo],aktiv
umfrage-ggv,project,project,project,2. Projekt,mieterstromFoerderung,mieterstrom_foerderung,25,Erhalten Sie eine Förderung für das Mieterstromprojekt oder beabsichtigen Sie diese zu beantragen?,Erhalten Sie eine Förderung für das Mieterstromprojekt oder beabsichtigen Sie diese zu beantragen?,,single-select,,nein,,,,,,,,nein,ja,"projectTypes enthält ""mieterstrom""",projectTypes,,sections[project].questions[mieterstromFoerderung],aktiv
umfrage-ggv,project,project,project,2. Projekt,mieterstromFoerderungNeinGrund,mieterstrom_foerderung_nein_grund,26,Warum keine Förderung?,Warum keine Förderung?,,single-select,,nein,,,,,,,,nein,ja,"(projectTypes enthält ""mieterstrom"") UND (mieterstromFoerderung == ""nein"")",projectTypes,,sections[project].questions[mieterstromFoerderungNeinGrund],aktiv
umfrage-ggv,project,project,project,2. Projekt,mieterstromProjectLocations,mieterstrom_project_locations,27,Standort(e) des Mieterstrom-Projekts,Standort(e) des Mieterstrom-Projekts,(optional),text,,nein,,,,,,,,nein,ja,"projectTypes enthält ""mieterstrom""",projectTypes,(optional),sections[project].questions[mieterstromProjectLocations],aktiv
umfrage-ggv,,,planning,3. Planung: Allgemeines – Planungsstand,ggvOrMieterstromDecision,ggv_or_mieterstrom_decision,28,Sind Sie bereits festgelegt auf GGV oder Mieterstrom?,Sind Sie bereits festgelegt auf GGV oder Mieterstrom?,,single-select,,,,,,,,,,nein,ja,"((projectTypes enthält eines von [ggv, ggv_oder_mieterstrom]) UND (NICHT((projectTypes enthält eines von [ggv, ggv_oder_mieterstrom]) UND (planningStatus enthält ""pv_laeuft_ggv_laeuft"")))) ODER ((projectTypes enthält eines von [mieterstrom, ggv_oder_mieterstrom]) UND (NICHT((projectTypes enthält ""mieterstrom"") UND ((mieterstromPlanningStatus enthält ""pv_laeuft_ggv_laeuft"") ODER ((NICHT(projectTypes enthält eines von [ggv, ggv_oder_mieterstrom])) UND (planningStatus enthält ""pv_laeuft_ggv_laeuft""))))))",projectTypes,,sections[planning].questions[ggvOrMieterstromDecision],aktiv
umfrage-ggv,,,planning,3. Planung: Allgemeines – Planungsstand,ggvDecisionReasons,ggv_decision_reasons,29,Falls Sie derzeit eher zur GGV tendieren oder sich dafür entschlossen haben - warum?,Falls Sie derzeit eher zur GGV tendieren oder sich dafür entschlossen haben - warum?,,multi-select,,,,,,,,,,ja,ja,"projectTypes enthält eines von [ggv, ggv_oder_mieterstrom]",projectTypes,,sections[planning].questions[ggvDecisionReasons],aktiv
umfrage-ggv,,,planning,3. Planung: Allgemeines – Planungsstand,mieterstromDecisionReasons,mieterstrom_decision_reasons,30,Falls Sie derzeit eher zu Mieterstrom tendieren oder sich dafür entschlossen haben - warum?,Falls Sie derzeit eher zu Mieterstrom tendieren oder sich dafür entschlossen haben - warum?,,multi-select,,,,,,,,,,ja,ja,"projectTypes enthält eines von [mieterstrom, ggv_oder_mieterstrom]",projectTypes,,sections[planning].questions[mieterstromDecisionReasons],aktiv
umfrage-ggv,,,planning,3. Planung: Allgemeines – Planungsstand,implementationApproach,implementation_approach,31,"Wollen/wollten Sie das Projekt weitgehend alleine umsetzen, oder planen/planten Sie die Zusammenarbeit mit einem Dienstleister?","Wollen/wollten Sie das Projekt weitgehend alleine umsetzen, oder planen/planten Sie die Zusammenarbeit mit einem Dienstleister?","Ein Installateur der PV-Anlage ist hierbei nicht als Dienstleister zu verstehen. Gemeint sind lediglich solche Dienstleister, welche die Umsetzung von GGV/Mieterstrom ermöglichen.",multi-select,,,,,,,,,,ja,ja,"projectTypes enthält eines von [ggv, mieterstrom, ggv_oder_mieterstrom]",projectTypes,"Ein Installateur der PV-Anlage ist hierbei nicht als Dienstleister zu verstehen. Gemeint sind lediglich solche Dienstleister, welche die Umsetzung von GGV/Mieterstrom ermöglichen.",sections[planning].questions[implementationApproach],aktiv
umfrage-ggv,,,challenges,3. Planung: Allgemeines – Herausforderungen,challenges,challenges,32,Gab oder gibt es wesentliche Herausforderungen?,Gab oder gibt es wesentliche Herausforderungen?,,multi-select,,nein,,,,,,,,ja,ja,"projectTypes enthält eines von [ggv, mieterstrom, ggv_oder_mieterstrom]",projectTypes,,sections[challenges].questions[challenges],aktiv
umfrage-ggv,,,challenges,3. Planung: Allgemeines – Herausforderungen,vnbRejectionResponse,vnb_rejection_response,33,"Falls Ihr Verteilnetzbetreiber die Umsetzung von GGV oder Mieterstrom nicht oder nur unzureichend unterstützt, wie haben Sie bislang reagiert?","Falls Ihr Verteilnetzbetreiber die Umsetzung von GGV oder Mieterstrom nicht oder nur unzureichend unterstützt, wie haben Sie bislang reagiert?",,multi-select,,nein,,,,,,,,ja,ja,"projectTypes enthält eines von [ggv, mieterstrom, ggv_oder_mieterstrom]",projectTypes,,sections[challenges].questions[vnbRejectionResponse],aktiv
umfrage-ggv,,,vnb-planning,4. Planung: Modellspezifisch – GGV,vnbExistingProjects,vnb_existing_projects,34,Gibt es im Netzgebiet Ihres Verteilnetzbetreibers schon GGV-Projekte?,Gibt es im Netzgebiet Ihres Verteilnetzbetreibers schon GGV-Projekte?,,single-select,,,,,,,,,,nein,ja,"projectTypes enthält eines von [ggv, ggv_oder_mieterstrom]",projectTypes,,sections[vnb-planning].questions[vnbExistingProjects],aktiv
umfrage-ggv,,,vnb-planning,4. Planung: Modellspezifisch – GGV,vnbContact,vnb_contact,35,Waren Sie schon im Kontakt mit Ihrem Verteilnetzbetreiber?,Waren Sie schon im Kontakt mit Ihrem Verteilnetzbetreiber?,,multi-select,,nein,,,,,,,,ja,ja,"projectTypes enthält eines von [ggv, ggv_oder_mieterstrom]",projectTypes,,sections[vnb-planning].questions[vnbContact],aktiv
umfrage-ggv,,,vnb-planning,4. Planung: Modellspezifisch – GGV,vnbResponse,vnb_response,36,Wie ist der aktuelle Stand bezüglich der GGV-Umsetzung mit Ihrem Verteilnetzbetreiber?,Wie ist der aktuelle Stand bezüglich der GGV-Umsetzung mit Ihrem Verteilnetzbetreiber?,,single-select,,,,,,,,,,nein,ja,"projectTypes enthält eines von [ggv, ggv_oder_mieterstrom]",projectTypes,,sections[vnb-planning].questions[vnbResponse],aktiv
umfrage-ggv,,,vnb-planning,4. Planung: Modellspezifisch – GGV,vnbMsbTimeline,vnb_msb_timeline,37,"Falls Ihr Verteilnetzbetreiber nicht anbietet, den Messstellenbetrieb selber zu übernehmen: Hat er in Aussicht gestellt, ab wann der grundzuständige Messstellenbetreiber die Verrechnung durchführen kann?","Falls Ihr Verteilnetzbetreiber nicht anbietet, den Messstellenbetrieb selber zu übernehmen: Hat er in Aussicht gestellt, ab wann der grundzuständige Messstellenbetreiber die Verrechnung durchführen kann?",,single-select,,,,,,,,,,nein,ja,"vnbResponse enthält ""moeglich_wmsb""",vnbResponse,,sections[vnb-planning].questions[vnbMsbTimeline],aktiv
umfrage-ggv,,,vnb-planning,4. Planung: Modellspezifisch – GGV,vnbRejectionTimeline,vnb_rejection_timeline,38,"Falls Ihr Verteilnetzbetreiber die Umsetzung bislang vollständig ablehnt: Gibt es schon eine Aussage, ab wann die GGV möglich sein wird?","Falls Ihr Verteilnetzbetreiber die Umsetzung bislang vollständig ablehnt: Gibt es schon eine Aussage, ab wann die GGV möglich sein wird?",,single-select,,,,,,,,,,nein,ja,"vnbResponse enthält ""nicht_moeglich""",vnbResponse,,sections[vnb-planning].questions[vnbRejectionTimeline],aktiv
umfrage-ggv,,,vnb-msb,4. Planung: Modellspezifisch – GGV - MSB Details,vnbStartTimeline,vnb_start_timeline,39,Ab wann kann der Verteilnetzbetreiber den Messbetrieb (über gMSB) starten?,Ab wann kann der Verteilnetzbetreiber den Messbetrieb (über gMSB) starten?,,single-select,,,,,,,,,,nein,ja,"vnbResponse enthält ""moeglich_gmssb""",vnbResponse,,sections[vnb-msb].questions[vnbStartTimeline],aktiv
umfrage-ggv,,,vnb-msb,4. Planung: Modellspezifisch – GGV - MSB Details,vnbAdditionalCosts,vnb_additional_costs,40,Stellt Ihr Verteilnetzbetreiber Ihnen zusätzliche Kosten für Smart Meter aufgrund des 'Einbaus auf Kundenwunsch' in Rechnung?,Stellt Ihr Verteilnetzbetreiber Ihnen zusätzliche Kosten für Smart Meter aufgrund des 'Einbaus auf Kundenwunsch' in Rechnung?,,single-select,,,,,,,,,,nein,ja,"vnbResponse enthält ""moeglich_gmssb""",vnbResponse,,sections[vnb-msb].questions[vnbAdditionalCosts],aktiv
umfrage-ggv,,,vnb-msb,4. Planung: Modellspezifisch – GGV - MSB Details,vnbAdditionalCostsOneTime,vnb_additional_costs_one_time,41,Zusatzkosten 'Einbau auf Kundenwunsch': Einmalbetrag (EUR),Zusatzkosten 'Einbau auf Kundenwunsch': Einmalbetrag (EUR),,number,,nein,,,vnbAdditionalCosts='ja' - mindestens Einmalbetrag oder Jährlicher Betrag erforderlich,,,,,nein,ja,"vnbAdditionalCosts == ""ja""",vnbAdditionalCosts,,sections[vnb-msb].questions[vnbAdditionalCostsOneTime],aktiv
umfrage-ggv,,,vnb-msb,4. Planung: Modellspezifisch – GGV - MSB Details,vnbAdditionalCostsYearly,vnb_additional_costs_yearly,42,Zusatzkosten 'Einbau auf Kundenwunsch': Jährlicher Betrag (EUR),Zusatzkosten 'Einbau auf Kundenwunsch': Jährlicher Betrag (EUR),,number,,nein,,,vnbAdditionalCosts='ja' - mindestens Einmalbetrag oder Jährlicher Betrag erforderlich,,,,,nein,ja,"vnbAdditionalCosts == ""ja""",vnbAdditionalCosts,,sections[vnb-msb].questions[vnbAdditionalCostsYearly],aktiv
umfrage-ggv,,,vnb-msb,4. Planung: Modellspezifisch – GGV - MSB Details,vnbFullService,vnb_full_service,43,Einschränkende Bedingung Full-Service-Angebot,Einschränkende Bedingung Full-Service-Angebot,,single-select,,,,,,,,,,nein,ja,"vnbResponse enthält ""moeglich_gmssb""",vnbResponse,,sections[vnb-msb].questions[vnbFullService],aktiv
umfrage-ggv,,,vnb-msb,4. Planung: Modellspezifisch – GGV - MSB Details,vnbDataProvision,vnb_data_provision,44,"Wie beabsichtigt Ihr Verteilnetzbetreiber, Ihnen die für die Abrechnung benötigten Daten bereitzustellen?","Wie beabsichtigt Ihr Verteilnetzbetreiber, Ihnen die für die Abrechnung benötigten Daten bereitzustellen?",,multi-select,,,,,,,,,,ja,ja,"vnbResponse enthält ""moeglich_gmssb""",vnbResponse,,sections[vnb-msb].questions[vnbDataProvision],aktiv
umfrage-ggv,,,vnb-msb,4. Planung: Modellspezifisch – GGV - MSB Details,vnbDataCost,vnb_data_cost,45,"Falls Ihr Verteilnetzbetreiber/gMSB die Daten direkt an Sie übermittelt, was wird es kosten?","Falls Ihr Verteilnetzbetreiber/gMSB die Daten direkt an Sie übermittelt, was wird es kosten?",,single-select,,,,,,,,,,nein,ja,"vnbResponse enthält ""moeglich_gmssb""",vnbResponse,,sections[vnb-msb].questions[vnbDataCost],aktiv
umfrage-ggv,,,vnb-msb,4. Planung: Modellspezifisch – GGV - MSB Details,vnbDataCostAmount,vnb_data_cost_amount,46,Betrag in EUR/Messstelle/Jahr,Betrag in EUR/Messstelle/Jahr,,number,,nein,,,,,,,,nein,ja,"vnbDataCost == ""mehr_3_eur""",vnbDataCost,,sections[vnb-msb].questions[vnbDataCostAmount],aktiv
umfrage-ggv,,,vnb-msb,4. Planung: Modellspezifisch – GGV - MSB Details,vnbEsaCost,vnb_esa_cost,47,Falls die Daten von einem Dienstleister über die 'ESA-Marktrolle' abgeholt werden müssen: Verlangt der Verteilnetzbetreiber/gMSB dafür Geld?,Falls die Daten von einem Dienstleister über die 'ESA-Marktrolle' abgeholt werden müssen: Verlangt der Verteilnetzbetreiber/gMSB dafür Geld?,,single-select,,,,,,,,,,nein,ja,"vnbResponse enthält ""moeglich_gmssb""",vnbResponse,,sections[vnb-msb].questions[vnbEsaCost],aktiv
umfrage-ggv,,,vnb-msb,4. Planung: Modellspezifisch – GGV - MSB Details,vnbEsaCostAmount,vnb_esa_cost_amount,48,Betrag in EUR/Messstelle/Jahr,Betrag in EUR/Messstelle/Jahr,,number,,nein,,,,,,,,nein,ja,"vnbEsaCost == ""mehr_3_eur""",vnbEsaCost,,sections[vnb-msb].questions[vnbEsaCostAmount],aktiv
umfrage-ggv,,,ggv-messkonzept,GGV-Messkonzept,vnbWandlermessung,vnb_wandlermessung,49,"Frage zum Detail der technischen Anforderungen des Messkonzeptes: Verlangt Ihr Verteilnetzbetreiber einen neuen, zusätzlichen Zähler direkt hinter dem Netzanschluss des Gebäudes?","Frage zum Detail der technischen Anforderungen des Messkonzeptes: Verlangt Ihr Verteilnetzbetreiber einen neuen, zusätzlichen Zähler direkt hinter dem Netzanschluss des Gebäudes?",Erfordert die Installation einer 'Wandlermessung' für > 5.000 EUR,single-select,,,,,,,,,,nein,ja,"vnbResponse enthält eines von [moeglich_gmssb, moeglich_wmsb]",vnbResponse,Erfordert die Installation einer 'Wandlermessung' für > 5.000 EUR,sections[ggv-messkonzept].questions[vnbWandlermessung],aktiv
umfrage-ggv,,,ggv-messkonzept,GGV-Messkonzept,vnbWandlermessungComment,vnb_wandlermessung_comment,50,Ergänzende Informationen zur Wandlermessung: welche Ansprüche stellt Ihr Verteilnetzbetreiber hierzu und womit werden die begründet?,Ergänzende Informationen zur Wandlermessung: welche Ansprüche stellt Ihr Verteilnetzbetreiber hierzu und womit werden die begründet?,,textarea,,nein,,,,,,,,nein,ja,"vnbWandlermessung IN [ja, wissen_nicht]",vnbWandlermessung,,sections[ggv-messkonzept].questions[vnbWandlermessungComment],aktiv
umfrage-ggv,,,ggv-messkonzept,GGV-Messkonzept,vnbWandlermessungDocuments,vnb_wandlermessung_documents,51,Dokumente zur Wandlermessung hochladen,Dokumente zur Wandlermessung hochladen,"z.B. Messkonzept, Korrespondenz mit dem Verteilnetzbetreiber",file,,nein,,,,,,,,nein,ja,"vnbWandlermessung IN [ja, wissen_nicht]",vnbWandlermessung,"z.B. Messkonzept, Korrespondenz mit dem Verteilnetzbetreiber",sections[ggv-messkonzept].questions[vnbWandlermessungDocuments],aktiv
umfrage-ggv,,,ggv-messkonzept,GGV-Messkonzept,vnbPlanningDuration,vnb_planning_duration,52,Wie lange sind Sie bereits in Diskussionen zur Umsetzung der GGV mit Ihrem Verteilnetzbetreiber?,Wie lange sind Sie bereits in Diskussionen zur Umsetzung der GGV mit Ihrem Verteilnetzbetreiber?,,single-select,,,,,,,,,,nein,ja,"vnbResponse enthält eines von [moeglich_gmssb, moeglich_wmsb]",vnbResponse,,sections[ggv-messkonzept].questions[vnbPlanningDuration],aktiv
umfrage-ggv,,,ggv-messkonzept,GGV-Messkonzept,vnbPlanningDurationReasons,vnb_planning_duration_reasons,53,Woran scheitert die Umsetzung bislang?,Woran scheitert die Umsetzung bislang?,,textarea,,nein,,,,,,,,nein,ja,"vnbResponse enthält eines von [moeglich_gmssb, moeglich_wmsb]",vnbResponse,,sections[ggv-messkonzept].questions[vnbPlanningDurationReasons],aktiv
umfrage-ggv,,,vnb-support,Online-Unterstützung des Verteilnetzbetreibers für die GGV,vnbSupportMesskonzept,vnb_support_messkonzept,54,Informationen zum Messkonzept für die GGV,Informationen zum Messkonzept für die GGV,,single-select,,nein,,,,,,,,nein,ja,"projectTypes enthält eines von [ggv, ggv_oder_mieterstrom]",projectTypes,,sections[vnb-support].questions[vnbSupportMesskonzept],aktiv
umfrage-ggv,,,vnb-support,Online-Unterstützung des Verteilnetzbetreibers für die GGV,vnbSupportFormulare,vnb_support_formulare,55,Formulare für die Übermittlung der Teilnehmenden & Aufteilungsschlüssel,Formulare für die Übermittlung der Teilnehmenden & Aufteilungsschlüssel,,single-select,,nein,,,,,,,,nein,ja,"projectTypes enthält eines von [ggv, ggv_oder_mieterstrom]",projectTypes,,sections[vnb-support].questions[vnbSupportFormulare],aktiv
umfrage-ggv,,,vnb-support,Online-Unterstützung des Verteilnetzbetreibers für die GGV,vnbSupportPortal,vnb_support_portal,56,Online-Portal für die Übermittlung der Teilnehmenden & Aufteilungsschlüssel,Online-Portal für die Übermittlung der Teilnehmenden & Aufteilungsschlüssel,,single-select,,nein,,,,,,,,nein,ja,"projectTypes enthält eines von [ggv, ggv_oder_mieterstrom]",projectTypes,,sections[vnb-support].questions[vnbSupportPortal],aktiv
umfrage-ggv,,,vnb-support,Online-Unterstützung des Verteilnetzbetreibers für die GGV,vnbSupportOther,vnb_support_other,57,Weiteres,Weiteres,,text,,nein,,,,,,,,nein,ja,"projectTypes enthält eines von [ggv, ggv_oder_mieterstrom]",projectTypes,,sections[vnb-support].questions[vnbSupportOther],aktiv
umfrage-ggv,,,vnb-support,Online-Unterstützung des Verteilnetzbetreibers für die GGV,vnbContactHelpful,vnb_contact_helpful,58,Bietet Ihr Verteilnetzbetreiber eine Kontaktmöglichkeit zur GGV und ist das hilfreich?,Bietet Ihr Verteilnetzbetreiber eine Kontaktmöglichkeit zur GGV und ist das hilfreich?,,single-select,,,,,,,,,,nein,ja,"projectTypes enthält eines von [ggv, ggv_oder_mieterstrom]",projectTypes,,sections[vnb-support].questions[vnbContactHelpful],aktiv
umfrage-ggv,,,vnb-support,Online-Unterstützung des Verteilnetzbetreibers für die GGV,vnbPersonalContacts,vnb_personal_contacts,59,Haben Sie persönliche Kontakte bei Ihrem Verteilnetzbetreiber?,Haben Sie persönliche Kontakte bei Ihrem Verteilnetzbetreiber?,,single-select,,,,,,,,,,nein,ja,"projectTypes enthält eines von [ggv, ggv_oder_mieterstrom]",projectTypes,,sections[vnb-support].questions[vnbPersonalContacts],aktiv
umfrage-ggv,,,vnb-support,Online-Unterstützung des Verteilnetzbetreibers für die GGV,vnbSupportRating,vnb_support_rating,60,Wie sehr fühlen Sie sich von Ihrem Verteilnetzbetreiber in der Planung der GGV unterstützt?,Wie sehr fühlen Sie sich von Ihrem Verteilnetzbetreiber in der Planung der GGV unterstützt?,,rating,,,,,,,,,,nein,ja,"projectTypes enthält eines von [ggv, ggv_oder_mieterstrom]",projectTypes,,sections[vnb-support].questions[vnbSupportRating],aktiv
umfrage-ggv,,,ggv-operation,5. Betrieb: Modellspezifisch – GGV,operationVnbDuration,operation_vnb_duration,61,"Wie lange hat die Abstimmung mit dem Verteilnetzbetreiber zur GGV gedauert, von der ersten Kontaktaufnahme bis zur Klärung aller Fragen bzw. Start der Belieferung?","Wie lange hat die Abstimmung mit dem Verteilnetzbetreiber zur GGV gedauert, von der ersten Kontaktaufnahme bis zur Klärung aller Fragen bzw. Start der Belieferung?",,single-select,,,,,,,,,,nein,ja,"(projectTypes enthält eines von [ggv, ggv_oder_mieterstrom]) UND (planningStatus enthält ""pv_laeuft_ggv_laeuft"")",projectTypes,,sections[ggv-operation].questions[operationVnbDuration],aktiv
umfrage-ggv,,,ggv-operation,5. Betrieb: Modellspezifisch – GGV,operationVnbDurationReasons,operation_vnb_duration_reasons,62,Falls es lange dauerte: Was war das größte Problem?,Falls es lange dauerte: Was war das größte Problem?,,textarea,,nein,,,,,,,,nein,ja,"(projectTypes enthält eines von [ggv, ggv_oder_mieterstrom]) UND (planningStatus enthält ""pv_laeuft_ggv_laeuft"")",projectTypes,,sections[ggv-operation].questions[operationVnbDurationReasons],aktiv
umfrage-ggv,,,ggv-operation,5. Betrieb: Modellspezifisch – GGV,operationWandlermessung,operation_wandlermessung,63,Hat Ihr Verteilnetzbetreiber einen neuen zusätzlichen Zähler direkt hinter dem Netzanschluss des Gebäudes verlangt (Wandlermessung > 5.000 EUR)?,Hat Ihr Verteilnetzbetreiber einen neuen zusätzlichen Zähler direkt hinter dem Netzanschluss des Gebäudes verlangt (Wandlermessung > 5.000 EUR)?,,single-select,,,,,,,,,,nein,ja,"(projectTypes enthält eines von [ggv, ggv_oder_mieterstrom]) UND (planningStatus enthält ""pv_laeuft_ggv_laeuft"")",projectTypes,,sections[ggv-operation].questions[operationWandlermessung],aktiv
umfrage-ggv,,,ggv-operation,5. Betrieb: Modellspezifisch – GGV,operationWandlermessungComment,operation_wandlermessung_comment,64,Ergänzende Informationen zur Wandlermessung,Ergänzende Informationen zur Wandlermessung,,textarea,,nein,,,,,,,,nein,ja,"operationWandlermessung == ""ja""",operationWandlermessung,,sections[ggv-operation].questions[operationWandlermessungComment],aktiv
umfrage-ggv,,,ggv-operation,5. Betrieb: Modellspezifisch – GGV,operationMsbProvider,operation_msb_provider,65,Messstellenbetrieb: Wer baut die Smart Meter ein und betreibt sie?,Messstellenbetrieb: Wer baut die Smart Meter ein und betreibt sie?,"Wer ist in dem Projekt der Messstellenbetreiber, wer führt die Aufteilung der PV-Stromerzeugung durch und von wem erhalten Sie die für die Abrechnung mit den Teilnehmenden erforderlichen Daten?",single-select,,,,,,,,,,nein,ja,"(projectTypes enthält eines von [ggv, ggv_oder_mieterstrom]) UND (planningStatus enthält ""pv_laeuft_ggv_laeuft"")",projectTypes,"Wer ist in dem Projekt der Messstellenbetreiber, wer führt die Aufteilung der PV-Stromerzeugung durch und von wem erhalten Sie die für die Abrechnung mit den Teilnehmenden erforderlichen Daten?",sections[ggv-operation].questions[operationMsbProvider],aktiv
umfrage-ggv,,,ggv-operation,5. Betrieb: Modellspezifisch – GGV,operationAllocationProvider,operation_allocation_provider,66,Aufteilung der PV-Stromerzeugung auf die Teilnehmenden: Wer verrechnet die Messwerte und ordnet die Erzeugung je 15-Minuten-Intervall auf die Teilnehmenden zu?,Aufteilung der PV-Stromerzeugung auf die Teilnehmenden: Wer verrechnet die Messwerte und ordnet die Erzeugung je 15-Minuten-Intervall auf die Teilnehmenden zu?,,single-select,,,,,,,,,,nein,ja,"(projectTypes enthält eines von [ggv, ggv_oder_mieterstrom]) UND (planningStatus enthält ""pv_laeuft_ggv_laeuft"")",projectTypes,,sections[ggv-operation].questions[operationAllocationProvider],aktiv
umfrage-ggv,,,ggv-operation,5. Betrieb: Modellspezifisch – GGV,operationDataProvider,operation_data_provider,67,"Übermittlung der errechneten Strommengen je Teilnehmer: Wer stellt Ihnen die errechneten Werte (zugeordneten Erzeugungsmengen) zur Verfügung, damit Sie eine Abrechnung machen können?","Übermittlung der errechneten Strommengen je Teilnehmer: Wer stellt Ihnen die errechneten Werte (zugeordneten Erzeugungsmengen) zur Verfügung, damit Sie eine Abrechnung machen können?",,single-select,,,,,,,,,,nein,ja,"(projectTypes enthält eines von [ggv, ggv_oder_mieterstrom]) UND (planningStatus enthält ""pv_laeuft_ggv_laeuft"")",projectTypes,,sections[ggv-operation].questions[operationDataProvider],aktiv
umfrage-ggv,,,ggv-operation,5. Betrieb: Modellspezifisch – GGV,operationMsbDuration,operation_msb_duration,68,Wie lange hat es gedauert von Bestellung bis zum Einbau der Smart Meter durch den Verteilnetzbetreiber/gMSB?,Wie lange hat es gedauert von Bestellung bis zum Einbau der Smart Meter durch den Verteilnetzbetreiber/gMSB?,,single-select,,,,,,,,,,nein,ja,"operationMsbProvider == ""gmsb""",operationMsbProvider,,sections[ggv-operation].questions[operationMsbDuration],aktiv
umfrage-ggv,,,ggv-operation,5. Betrieb: Modellspezifisch – GGV,operationMsbAdditionalCosts,operation_msb_additional_costs,69,Stellt der Verteilnetzbetreiber/gMSB zusätzliche Kosten für den 'Einbau auf Kundenwunsch' in Rechnung?,Stellt der Verteilnetzbetreiber/gMSB zusätzliche Kosten für den 'Einbau auf Kundenwunsch' in Rechnung?,,single-select,,,,,,,,,,nein,ja,"operationMsbProvider == ""gmsb""",operationMsbProvider,,sections[ggv-operation].questions[operationMsbAdditionalCosts],aktiv
umfrage-ggv,,,ggv-operation,5. Betrieb: Modellspezifisch – GGV,operationMsbAdditionalCostsOneTime,operation_msb_additional_costs_one_time,70,Einmalbetrag (EUR),Einmalbetrag (EUR),,number,,nein,,,operationMsbAdditionalCosts='ja' - mindestens Einmalbetrag oder Jährlicher Betrag erforderlich,,,,,nein,ja,"operationMsbAdditionalCosts == ""ja""",operationMsbAdditionalCosts,,sections[ggv-operation].questions[operationMsbAdditionalCostsOneTime],aktiv
umfrage-ggv,,,ggv-operation,5. Betrieb: Modellspezifisch – GGV,operationMsbAdditionalCostsYearly,operation_msb_additional_costs_yearly,71,Jährlicher Betrag (EUR),Jährlicher Betrag (EUR),,number,,nein,,,operationMsbAdditionalCosts='ja' - mindestens Einmalbetrag oder Jährlicher Betrag erforderlich,,,,,nein,ja,"operationMsbAdditionalCosts == ""ja""",operationMsbAdditionalCosts,,sections[ggv-operation].questions[operationMsbAdditionalCostsYearly],aktiv
umfrage-ggv,,,ggv-operation,5. Betrieb: Modellspezifisch – GGV,operationDataFormat,operation_data_format,72,Wie erhalten Sie die errechneten Daten von Ihrem Verteilnetzbetreiber/gMSB?,Wie erhalten Sie die errechneten Daten von Ihrem Verteilnetzbetreiber/gMSB?,,single-select,,,,,,,,,,nein,ja,"operationMsbProvider == ""gmsb""",operationMsbProvider,,sections[ggv-operation].questions[operationDataFormat],aktiv
umfrage-ggv,,,ggv-operation,5. Betrieb: Modellspezifisch – GGV,operationDataCost,operation_data_cost,73,Wie viel kostet die direkte Bereitstellung der verrechneten Werte durch Ihren Verteilnetzbetreiber/gMSB?,Wie viel kostet die direkte Bereitstellung der verrechneten Werte durch Ihren Verteilnetzbetreiber/gMSB?,Dabei sind die jährlichen Kosten für die Bereitstellung der Smart Meter nicht zu berücksichtigen.,single-select,,,,,,,,,,nein,ja,"operationDataProvider == ""gmsb""",operationDataProvider,Dabei sind die jährlichen Kosten für die Bereitstellung der Smart Meter nicht zu berücksichtigen.,sections[ggv-operation].questions[operationDataCost],aktiv
umfrage-ggv,,,ggv-operation,5. Betrieb: Modellspezifisch – GGV,operationDataCostAmount,operation_data_cost_amount,74,Betrag in EUR/Messstelle/Jahr,Betrag in EUR/Messstelle/Jahr,,number,,nein,,,,,,,,nein,ja,"operationDataCost == ""mehr_3_eur""",operationDataCost,,sections[ggv-operation].questions[operationDataCostAmount],aktiv
umfrage-ggv,,,ggv-operation,5. Betrieb: Modellspezifisch – GGV,operationEsaCost,operation_esa_cost,75,"Falls Ihr Dienstleister die Werte vom Verteilnetzbetreiber/gMSB für Sie abruft (ESA-Marktrolle), verlangt der Verteilnetzbetreiber/gMSB dafür Geld?","Falls Ihr Dienstleister die Werte vom Verteilnetzbetreiber/gMSB für Sie abruft (ESA-Marktrolle), verlangt der Verteilnetzbetreiber/gMSB dafür Geld?",,single-select,,,,,,,,,,nein,ja,"operationMsbProvider == ""gmsb""",operationMsbProvider,,sections[ggv-operation].questions[operationEsaCost],aktiv
umfrage-ggv,,,ggv-operation,5. Betrieb: Modellspezifisch – GGV,operationEsaCostAmount,operation_esa_cost_amount,76,Betrag in EUR/Messstelle/Jahr,Betrag in EUR/Messstelle/Jahr,,number,,nein,,,,,,,,nein,ja,"operationEsaCost == ""mehr_3_eur""",operationEsaCost,,sections[ggv-operation].questions[operationEsaCostAmount],aktiv
umfrage-ggv,,,ggv-operation,5. Betrieb: Modellspezifisch – GGV,operationSatisfactionRating,operation_satisfaction_rating,77,Wie zufrieden sind Sie mit Ihrem Verteilnetzbetreiber bei der Umsetzung des Projektes?,Wie zufrieden sind Sie mit Ihrem Verteilnetzbetreiber bei der Umsetzung des Projektes?,,rating,,,,,,,,,,nein,ja,"(projectTypes enthält eines von [ggv, ggv_oder_mieterstrom]) UND (planningStatus enthält ""pv_laeuft_ggv_laeuft"")",projectTypes,,sections[ggv-operation].questions[operationSatisfactionRating],aktiv
umfrage-ggv,,,service-provider,5. Betrieb: Modellspezifisch – Dienstleister (GGV),serviceProviderName,service_provider_name,78,Mit welchem Dienstleister arbeiten Sie zusammen?,Mit welchem Dienstleister arbeiten Sie zusammen?,,text,,nein,,,,,,,,nein,ja,"((projectTypes enthält eines von [ggv, ggv_oder_mieterstrom]) UND (planningStatus enthält ""pv_laeuft_ggv_laeuft"")) ODER ((projectTypes enthält ""mieterstrom"") UND ((mieterstromPlanningStatus enthält ""pv_laeuft_ggv_laeuft"") ODER ((NICHT(projectTypes enthält eines von [ggv, ggv_oder_mieterstrom])) UND (planningStatus enthält ""pv_laeuft_ggv_laeuft""))))",projectTypes,,sections[service-provider].questions[serviceProviderName],aktiv
umfrage-ggv,,,service-provider,5. Betrieb: Modellspezifisch – Dienstleister (GGV),serviceProviderServices,service_provider_services,79,Welche Leistungen erbringt Ihr Dienstleister?,Welche Leistungen erbringt Ihr Dienstleister?,Wählen Sie alle zutreffenden Leistungen aus.,multi-select,,nein,,,,,,,,ja,ja,serviceProviderName ist ausgefüllt,serviceProviderName,Wählen Sie alle zutreffenden Leistungen aus.,sections[service-provider].questions[serviceProviderServices],aktiv
umfrage-ggv,,,service-provider,5. Betrieb: Modellspezifisch – Dienstleister (GGV),serviceProviderComments,service_provider_comments,80,Erfahrungsbericht zum Dienstleister (max. 2000 Zeichen),Erfahrungsbericht zum Dienstleister (max. 2000 Zeichen),,textarea,,nein,,,,,,,,nein,ja,serviceProviderName ist ausgefüllt,serviceProviderName,,sections[service-provider].questions[serviceProviderComments],aktiv
umfrage-ggv,,,service-provider,5. Betrieb: Modellspezifisch – Dienstleister (GGV),serviceProvider2Name,service_provider_2_name,81,Dienstleister 2 (optional),Dienstleister 2 (optional),,text,,nein,,,,,,,,nein,ja,serviceProviderName ist ausgefüllt,serviceProviderName,,sections[service-provider].questions[serviceProvider2Name],aktiv
umfrage-ggv,,,service-provider,5. Betrieb: Modellspezifisch – Dienstleister (GGV),serviceProvider2Services,service_provider_2_services,82,Welche Leistungen erbringt Ihr zweiter Dienstleister?,Welche Leistungen erbringt Ihr zweiter Dienstleister?,Wählen Sie alle zutreffenden Leistungen aus.,multi-select,,nein,,,,,,,,ja,ja,serviceProvider2Name ist ausgefüllt,serviceProvider2Name,Wählen Sie alle zutreffenden Leistungen aus.,sections[service-provider].questions[serviceProvider2Services],aktiv
umfrage-ggv,,,service-provider,5. Betrieb: Modellspezifisch – Dienstleister (GGV),serviceProvider2Comments,service_provider_2_comments,83,Kommentare zu Dienstleister 2,Kommentare zu Dienstleister 2,,textarea,,nein,,,,,,,,nein,ja,serviceProvider2Name ist ausgefüllt,serviceProvider2Name,,sections[service-provider].questions[serviceProvider2Comments],aktiv
umfrage-ggv,,,mieterstrom-planning,4. Planung: Modellspezifisch – Mieterstrom,mieterstromSummenzaehler,mieterstrom_summenzaehler,84,Möchten Sie Mieterstrom mit virtuellem oder mit physikalischem Summenzähler umsetzen?,Möchten Sie Mieterstrom mit virtuellem oder mit physikalischem Summenzähler umsetzen?,,single-select,,,,,,,,,,nein,ja,"projectTypes enthält ""mieterstrom""",projectTypes,,sections[mieterstrom-planning].questions[mieterstromSummenzaehler],aktiv
umfrage-ggv,,,mieterstrom-planning,4. Planung: Modellspezifisch – Mieterstrom,mieterstromExistingProjects,mieterstrom_existing_projects,85,Gibt es im Netzgebiet Ihres Verteilnetzbetreibers schon Mieterstrom-Projekte?,Gibt es im Netzgebiet Ihres Verteilnetzbetreibers schon Mieterstrom-Projekte?,,single-select,,,,,,,,,,nein,ja,"projectTypes enthält ""mieterstrom""",projectTypes,,sections[mieterstrom-planning].questions[mieterstromExistingProjects],aktiv
umfrage-ggv,,,mieterstrom-planning,4. Planung: Modellspezifisch – Mieterstrom,mieterstromExistingProjectsVirtuell,mieterstrom_existing_projects_virtuell,86,Gibt es im Netzgebiet Ihres Verteilnetzbetreibers schon Mieterstrom-Projekte mit virtuellem Summenzähler?,Gibt es im Netzgebiet Ihres Verteilnetzbetreibers schon Mieterstrom-Projekte mit virtuellem Summenzähler?,,single-select,,,,,,,,,,nein,ja,"projectTypes enthält ""mieterstrom""",projectTypes,,sections[mieterstrom-planning].questions[mieterstromExistingProjectsVirtuell],aktiv
umfrage-ggv,,,mieterstrom-planning,4. Planung: Modellspezifisch – Mieterstrom,mieterstromVnbContact,mieterstrom_vnb_contact,87,Waren Sie schon im Kontakt mit Ihrem Verteilnetzbetreiber?,Waren Sie schon im Kontakt mit Ihrem Verteilnetzbetreiber?,,multi-select,,nein,,,,,,,,ja,ja,"projectTypes enthält ""mieterstrom""",projectTypes,,sections[mieterstrom-planning].questions[mieterstromVnbContact],aktiv
umfrage-ggv,,,mieterstrom-planning,4. Planung: Modellspezifisch – Mieterstrom,mieterstromVirtuellAllowed,mieterstrom_virtuell_allowed,88,Lässt Ihr Verteilnetzbetreiber die Umsetzung des sogenannten 'virtuellen Summenzählers' durch einen wettbewerblichen MSB zu?,Lässt Ihr Verteilnetzbetreiber die Umsetzung des sogenannten 'virtuellen Summenzählers' durch einen wettbewerblichen MSB zu?,,single-select,,,,,,,,,,nein,ja,"projectTypes enthält ""mieterstrom""",projectTypes,,sections[mieterstrom-planning].questions[mieterstromVirtuellAllowed],aktiv
umfrage-ggv,,,mieterstrom-planning,4. Planung: Modellspezifisch – Mieterstrom,mieterstromVirtuellDeniedReason,mieterstrom_virtuell_denied_reason,89,Warum lässt Ihr Verteilnetzbetreiber den virtuellen Summenzähler nicht zu?,Warum lässt Ihr Verteilnetzbetreiber den virtuellen Summenzähler nicht zu?,,textarea,,nein,,,,,,,,nein,ja,"mieterstromVirtuellAllowed == ""nein""",mieterstromVirtuellAllowed,,sections[mieterstrom-planning].questions[mieterstromVirtuellDeniedReason],aktiv
umfrage-ggv,,,mieterstrom-planning,4. Planung: Modellspezifisch – Mieterstrom,mieterstromVirtuellDeniedDocuments,mieterstrom_virtuell_denied_documents,90,Dokumente zum virtuellen Summenzähler hochladen,Dokumente zum virtuellen Summenzähler hochladen,"z.B. Korrespondenz mit dem Verteilnetzbetreiber, Ablehnungsschreiben",file,,nein,,,,,,,,nein,ja,"mieterstromVirtuellAllowed == ""nein""",mieterstromVirtuellAllowed,"z.B. Korrespondenz mit dem Verteilnetzbetreiber, Ablehnungsschreiben",sections[mieterstrom-planning].questions[mieterstromVirtuellDeniedDocuments],aktiv
umfrage-ggv,,,mieterstrom-planning,4. Planung: Modellspezifisch – Mieterstrom,mieterstromVirtuellWandlermessung,mieterstrom_virtuell_wandlermessung,91,"Wenn Ihr Verteilnetzbetreiber/gMSB die Umsetzung des 'virtuellen Summenzählers' zulässt, verlangt er dennoch den Einbau eines Zählers direkt am Hausanschlusspunkt (Wandlermessung, Kosten >5.000 EUR)?","Wenn Ihr Verteilnetzbetreiber/gMSB die Umsetzung des 'virtuellen Summenzählers' zulässt, verlangt er dennoch den Einbau eines Zählers direkt am Hausanschlusspunkt (Wandlermessung, Kosten >5.000 EUR)?",,single-select,,,,,,,,,,nein,ja,"mieterstromVirtuellAllowed == ""ja""",mieterstromVirtuellAllowed,,sections[mieterstrom-planning].questions[mieterstromVirtuellWandlermessung],aktiv
umfrage-ggv,,,mieterstrom-planning,4. Planung: Modellspezifisch – Mieterstrom,mieterstromVirtuellWandlermessungDocuments,mieterstrom_virtuell_wandlermessung_documents,92,Dokumente zur Wandlermessung hochladen,Dokumente zur Wandlermessung hochladen,"z.B. Messkonzept, Korrespondenz",file,,nein,,,,,,,,nein,ja,"mieterstromVirtuellWandlermessung == ""ja""",mieterstromVirtuellWandlermessung,"z.B. Messkonzept, Korrespondenz",sections[mieterstrom-planning].questions[mieterstromVirtuellWandlermessungDocuments],aktiv
umfrage-ggv,,,mieterstrom-planning,4. Planung: Modellspezifisch – Mieterstrom,mieterstromVnbResponse,mieterstrom_vnb_response,93,Welche Aussage zur Rückmeldung vom Verteilnetzbetreiber trifft zu?,Welche Aussage zur Rückmeldung vom Verteilnetzbetreiber trifft zu?,,multi-select,,nein,,,,,,,,ja,ja,"projectTypes enthält ""mieterstrom""",projectTypes,,sections[mieterstrom-planning].questions[mieterstromVnbResponse],aktiv
umfrage-ggv,,,mieterstrom-planning,4. Planung: Modellspezifisch – Mieterstrom,mieterstromSupportRating,mieterstrom_support_rating,94,Wie sehr fühlen Sie sich von Ihrem Verteilnetzbetreiber in der Planung von Mieterstrom unterstützt?,Wie sehr fühlen Sie sich von Ihrem Verteilnetzbetreiber in der Planung von Mieterstrom unterstützt?,,rating,,,,,,,,,,nein,ja,"projectTypes enthält ""mieterstrom""",projectTypes,,sections[mieterstrom-planning].questions[mieterstromSupportRating],aktiv
umfrage-ggv,,,mieterstrom-vnb-offer,4. Planung: Modellspezifisch – Mieterstrom - Verteilnetzbetreiber Angebot,mieterstromFullService,mieterstrom_full_service,95,"Bietet der Verteilnetzbetreiber/gMSB den Messstellenbetrieb im Mieterstrom grundsätzlich immer an, oder nur in Kombination mit einem Full-Service-Angebot?","Bietet der Verteilnetzbetreiber/gMSB den Messstellenbetrieb im Mieterstrom grundsätzlich immer an, oder nur in Kombination mit einem Full-Service-Angebot?",,single-select,,,,,,,,,,nein,ja,"mieterstromVnbResponse enthält ""moeglich_gmsb""",mieterstromVnbResponse,,sections[mieterstrom-vnb-offer].questions[mieterstromFullService],aktiv
umfrage-ggv,,,mieterstrom-vnb-offer,4. Planung: Modellspezifisch – Mieterstrom - Verteilnetzbetreiber Angebot,mieterstromMsbCosts,mieterstrom_msb_costs,96,Stellt Ihr Verteilnetzbetreiber/gMSB zusätzliche Kosten für einen 'Einbau auf Kundenwunsch' in Rechnung?,Stellt Ihr Verteilnetzbetreiber/gMSB zusätzliche Kosten für einen 'Einbau auf Kundenwunsch' in Rechnung?,,single-select,,,,,,,,,,nein,ja,"mieterstromVnbResponse enthält ""moeglich_gmsb""",mieterstromVnbResponse,,sections[mieterstrom-vnb-offer].questions[mieterstromMsbCosts],aktiv
umfrage-ggv,,,mieterstrom-vnb-offer,4. Planung: Modellspezifisch – Mieterstrom - Verteilnetzbetreiber Angebot,mieterstromMsbCostsOneTime,mieterstrom_msb_costs_one_time,97,Einmalbetrag (EUR),Einmalbetrag (EUR),,number,,nein,,,mieterstromMsbCosts='ja' - mindestens Einmalbetrag oder Jährlicher Betrag erforderlich,,,,,nein,ja,"mieterstromMsbCosts == ""ja""",mieterstromMsbCosts,,sections[mieterstrom-vnb-offer].questions[mieterstromMsbCostsOneTime],aktiv
umfrage-ggv,,,mieterstrom-vnb-offer,4. Planung: Modellspezifisch – Mieterstrom - Verteilnetzbetreiber Angebot,mieterstromMsbCostsYearly,mieterstrom_msb_costs_yearly,98,Jährlicher Betrag (EUR),Jährlicher Betrag (EUR),,number,,nein,,,mieterstromMsbCosts='ja' - mindestens Einmalbetrag oder Jährlicher Betrag erforderlich,,,,,nein,ja,"mieterstromMsbCosts == ""ja""",mieterstromMsbCosts,,sections[mieterstrom-vnb-offer].questions[mieterstromMsbCostsYearly],aktiv
umfrage-ggv,,,mieterstrom-vnb-offer,4. Planung: Modellspezifisch – Mieterstrom - Verteilnetzbetreiber Angebot,mieterstromModelChoice,mieterstrom_model_choice,99,Welche Umsetzungsmodelle bietet Ihr Verteilnetzbetreiber/gMSB als Messstellenbetreiber an?,Welche Umsetzungsmodelle bietet Ihr Verteilnetzbetreiber/gMSB als Messstellenbetreiber an?,,single-select,,,,,,,,,,nein,ja,"mieterstromVnbResponse enthält ""moeglich_gmsb""",mieterstromVnbResponse,,sections[mieterstrom-vnb-offer].questions[mieterstromModelChoice],aktiv
umfrage-ggv,,,mieterstrom-vnb-offer,4. Planung: Modellspezifisch – Mieterstrom - Verteilnetzbetreiber Angebot,mieterstromDataProvision,mieterstrom_data_provision,100,Wie stellt der Verteilnetzbetreiber/gMSB Ihnen die Daten zur Verfügung wenn er den Messstellenbetrieb durchführt?,Wie stellt der Verteilnetzbetreiber/gMSB Ihnen die Daten zur Verfügung wenn er den Messstellenbetrieb durchführt?,,single-select,,,,,,,,,,nein,ja,"mieterstromVnbResponse enthält ""moeglich_gmsb""",mieterstromVnbResponse,,sections[mieterstrom-vnb-offer].questions[mieterstromDataProvision],aktiv
umfrage-ggv,,,mieterstrom-operation,5. Betrieb: Modellspezifisch – Mieterstrom,mieterstromVnbRole,mieterstrom_vnb_role,101,Welche Rolle übernimmt der Verteilnetzbetreiber in Ihrem Mieterstrom-Projekt?,Welche Rolle übernimmt der Verteilnetzbetreiber in Ihrem Mieterstrom-Projekt?,,single-select,,,,,,,,,,nein,ja,"(projectTypes enthält ""mieterstrom"") UND ((mieterstromPlanningStatus enthält ""pv_laeuft_ggv_laeuft"") ODER ((NICHT(projectTypes enthält eines von [ggv, ggv_oder_mieterstrom])) UND (planningStatus enthält ""pv_laeuft_ggv_laeuft"")))",projectTypes,,sections[mieterstrom-operation].questions[mieterstromVnbRole],aktiv
umfrage-ggv,,,mieterstrom-operation,5. Betrieb: Modellspezifisch – Mieterstrom,mieterstromVnbDuration,mieterstrom_vnb_duration,102,Wie lange hat die Abstimmung mit dem Verteilnetzbetreiber zum Mieterstrom gedauert?,Wie lange hat die Abstimmung mit dem Verteilnetzbetreiber zum Mieterstrom gedauert?,,single-select,,,,,,,,,,nein,ja,"(projectTypes enthält ""mieterstrom"") UND ((mieterstromPlanningStatus enthält ""pv_laeuft_ggv_laeuft"") ODER ((NICHT(projectTypes enthält eines von [ggv, ggv_oder_mieterstrom])) UND (planningStatus enthält ""pv_laeuft_ggv_laeuft"")))",projectTypes,,sections[mieterstrom-operation].questions[mieterstromVnbDuration],aktiv
umfrage-ggv,,,mieterstrom-operation,5. Betrieb: Modellspezifisch – Mieterstrom,mieterstromVnbDurationReasons,mieterstrom_vnb_duration_reasons,103,Falls es lange dauerte: Was war das große Problem?,Falls es lange dauerte: Was war das große Problem?,,textarea,,nein,,,,,,,,nein,ja,"(projectTypes enthält ""mieterstrom"") UND ((mieterstromPlanningStatus enthält ""pv_laeuft_ggv_laeuft"") ODER ((NICHT(projectTypes enthält eines von [ggv, ggv_oder_mieterstrom])) UND (planningStatus enthält ""pv_laeuft_ggv_laeuft"")))",projectTypes,,sections[mieterstrom-operation].questions[mieterstromVnbDurationReasons],aktiv
umfrage-ggv,,,mieterstrom-operation,5. Betrieb: Modellspezifisch – Mieterstrom,mieterstromWandlermessung,mieterstrom_wandlermessung,104,Hat Ihr Verteilnetzbetreiber einen neuen zusätzlichen Zähler direkt hinter dem Netzanschluss des Gebäudes verlangt (Wandlermessung >5.000 EUR)?,Hat Ihr Verteilnetzbetreiber einen neuen zusätzlichen Zähler direkt hinter dem Netzanschluss des Gebäudes verlangt (Wandlermessung >5.000 EUR)?,,single-select,,,,,,,,,,nein,ja,"(projectTypes enthält ""mieterstrom"") UND ((mieterstromPlanningStatus enthält ""pv_laeuft_ggv_laeuft"") ODER ((NICHT(projectTypes enthält eines von [ggv, ggv_oder_mieterstrom])) UND (planningStatus enthält ""pv_laeuft_ggv_laeuft"")))",projectTypes,,sections[mieterstrom-operation].questions[mieterstromWandlermessung],aktiv
umfrage-ggv,,,mieterstrom-operation,5. Betrieb: Modellspezifisch – Mieterstrom,mieterstromMsbInstallDuration,mieterstrom_msb_install_duration,105,Wie lange hat es gedauert von Bestellung bis zum Einbau der Smart Meter?,Wie lange hat es gedauert von Bestellung bis zum Einbau der Smart Meter?,,single-select,,,,,,,,,,nein,ja,"(projectTypes enthält ""mieterstrom"") UND ((mieterstromPlanningStatus enthält ""pv_laeuft_ggv_laeuft"") ODER ((NICHT(projectTypes enthält eines von [ggv, ggv_oder_mieterstrom])) UND (planningStatus enthält ""pv_laeuft_ggv_laeuft"")))",projectTypes,,sections[mieterstrom-operation].questions[mieterstromMsbInstallDuration],aktiv
umfrage-ggv,,,mieterstrom-operation,5. Betrieb: Modellspezifisch – Mieterstrom,mieterstromOperationCosts,mieterstrom_operation_costs,106,Stellt der Verteilnetzbetreiber/gMSB Ihnen für den Betrieb der Smart Meter zusätzliche Kosten in Rechnung?,Stellt der Verteilnetzbetreiber/gMSB Ihnen für den Betrieb der Smart Meter zusätzliche Kosten in Rechnung?,,single-select,,,,,,,,,,nein,ja,"(projectTypes enthält ""mieterstrom"") UND ((mieterstromPlanningStatus enthält ""pv_laeuft_ggv_laeuft"") ODER ((NICHT(projectTypes enthält eines von [ggv, ggv_oder_mieterstrom])) UND (planningStatus enthält ""pv_laeuft_ggv_laeuft"")))",projectTypes,,sections[mieterstrom-operation].questions[mieterstromOperationCosts],aktiv
umfrage-ggv,,,mieterstrom-operation,5. Betrieb: Modellspezifisch – Mieterstrom,mieterstromOperationCostsOneTime,mieterstrom_operation_costs_one_time,107,Einmalbetrag (EUR),Einmalbetrag (EUR),,number,,nein,,,mieterstromOperationCosts='ja' - mindestens Einmalbetrag oder Jährlicher Betrag erforderlich,,,,,nein,ja,"mieterstromOperationCosts == ""ja""",mieterstromOperationCosts,,sections[mieterstrom-operation].questions[mieterstromOperationCostsOneTime],aktiv
umfrage-ggv,,,mieterstrom-operation,5. Betrieb: Modellspezifisch – Mieterstrom,mieterstromOperationCostsYearly,mieterstrom_operation_costs_yearly,108,Jährlicher Betrag (EUR),Jährlicher Betrag (EUR),,number,,nein,,,mieterstromOperationCosts='ja' - mindestens Einmalbetrag oder Jährlicher Betrag erforderlich,,,,,nein,ja,"mieterstromOperationCosts == ""ja""",mieterstromOperationCosts,,sections[mieterstrom-operation].questions[mieterstromOperationCostsYearly],aktiv
umfrage-ggv,,,mieterstrom-operation,5. Betrieb: Modellspezifisch – Mieterstrom,mieterstromRejectionResponse,mieterstrom_rejection_response,109,"Falls Ihr Verteilnetzbetreiber die Umsetzung von Mieterstrom nicht oder nur unzureichend anbietet/durchführt, wie haben Sie bislang reagiert?","Falls Ihr Verteilnetzbetreiber die Umsetzung von Mieterstrom nicht oder nur unzureichend anbietet/durchführt, wie haben Sie bislang reagiert?",,multi-select,,nein,,,,,,,,ja,ja,"(projectTypes enthält ""mieterstrom"") UND ((mieterstromPlanningStatus enthält ""pv_laeuft_ggv_laeuft"") ODER ((NICHT(projectTypes enthält eines von [ggv, ggv_oder_mieterstrom])) UND (planningStatus enthält ""pv_laeuft_ggv_laeuft"")))",projectTypes,,sections[mieterstrom-operation].questions[mieterstromRejectionResponse],aktiv
umfrage-ggv,,,mieterstrom-operation,5. Betrieb: Modellspezifisch – Mieterstrom,mieterstromInfoSources,mieterstrom_info_sources,110,Welche Informationsquellen fanden Sie besonders hilfreich bei der Suche nach Informationen zu Mieterstrom?,Welche Informationsquellen fanden Sie besonders hilfreich bei der Suche nach Informationen zu Mieterstrom?,,textarea,,nein,,,,,,,,nein,ja,"(projectTypes enthält ""mieterstrom"") UND ((mieterstromPlanningStatus enthält ""pv_laeuft_ggv_laeuft"") ODER ((NICHT(projectTypes enthält eines von [ggv, ggv_oder_mieterstrom])) UND (planningStatus enthält ""pv_laeuft_ggv_laeuft"")))",projectTypes,,sections[mieterstrom-operation].questions[mieterstromInfoSources],aktiv
umfrage-ggv,,,mieterstrom-operation,5. Betrieb: Modellspezifisch – Mieterstrom,mieterstromExperiences,mieterstrom_experiences,111,Welche Erfahrungen möchten Sie noch teilen?,Welche Erfahrungen möchten Sie noch teilen?,,textarea,,nein,,,,,,,,nein,ja,"(projectTypes enthält ""mieterstrom"") UND ((mieterstromPlanningStatus enthält ""pv_laeuft_ggv_laeuft"") ODER ((NICHT(projectTypes enthält eines von [ggv, ggv_oder_mieterstrom])) UND (planningStatus enthält ""pv_laeuft_ggv_laeuft"")))",projectTypes,,sections[mieterstrom-operation].questions[mieterstromExperiences],aktiv
umfrage-ggv,,,energy-sharing,4. Planung: Modellspezifisch – Energy Sharing,esStatus,es_status,112,Wo stehen Sie aktuell mit dem Projekt?,Wo stehen Sie aktuell mit dem Projekt?,,single-select,,nein,,,,,,,,nein,ja,"projectTypes enthält ""energysharing""",projectTypes,,sections[energy-sharing].questions[esStatus],aktiv
umfrage-ggv,,,energy-sharing,4. Planung: Modellspezifisch – Energy Sharing,esInOperationDetails,es_in_operation_details,113,Welche Erzeugungsanlagen sind eingebunden und wer wird beliefert?,Welche Erzeugungsanlagen sind eingebunden und wer wird beliefert?,,textarea,,nein,,,,,,,,nein,ja,"esStatus enthält eines von [in_betrieb_vollversorgung, in_betrieb_42c]",esStatus,,sections[energy-sharing].questions[esInOperationDetails],aktiv
umfrage-ggv,,,energy-sharing,4. Planung: Modellspezifisch – Energy Sharing,esOperatorDetails,es_operator_details,114,"Wer betreibt die Anlagen, wie erfolgt die Zuteilung der Strommengen, wer übernimmt die Abrechnung?","Wer betreibt die Anlagen, wie erfolgt die Zuteilung der Strommengen, wer übernimmt die Abrechnung?",,textarea,,nein,,,,,,,,nein,ja,"esStatus enthält eines von [in_betrieb_vollversorgung, in_betrieb_42c]",esStatus,,sections[energy-sharing].questions[esOperatorDetails],aktiv
umfrage-ggv,,,energy-sharing,4. Planung: Modellspezifisch – Energy Sharing,esPlantType,es_plant_type,115,Welche Art von Anlage möchten Sie für das Energy Sharing Projekt nutzen (oder nutzen sie bereits)?,Welche Art von Anlage möchten Sie für das Energy Sharing Projekt nutzen (oder nutzen sie bereits)?,,multi-select,,,,,,,,,,ja,ja,"projectTypes enthält ""energysharing""",projectTypes,,sections[energy-sharing].questions[esPlantType],aktiv
umfrage-ggv,,,energy-sharing,4. Planung: Modellspezifisch – Energy Sharing,esProjectScope,es_project_scope,116,Planen Sie eine einzelne Anlage zu nutzen oder mehrere Anlagen einzubinden (oder tun Sie dies bereits)?,Planen Sie eine einzelne Anlage zu nutzen oder mehrere Anlagen einzubinden (oder tun Sie dies bereits)?,,single-select,,,,,,,,,,nein,ja,"projectTypes enthält ""energysharing""",projectTypes,,sections[energy-sharing].questions[esProjectScope],aktiv
umfrage-ggv,,,energy-sharing,4. Planung: Modellspezifisch – Energy Sharing,esProjectLocations,es_project_locations,117,Standort(e) des Energy-Sharing-Projekts,Standort(e) des Energy-Sharing-Projekts,PLZ und/oder Adresse der beteiligten Anlagen und Verbraucher. Bei mehreren Standorten bitte alle angeben.,text,,nein,,,,,,,,nein,ja,"projectTypes enthält ""energysharing""",projectTypes,PLZ und/oder Adresse der beteiligten Anlagen und Verbraucher. Bei mehreren Standorten bitte alle angeben.,sections[energy-sharing].questions[esProjectLocations],aktiv
umfrage-ggv,,,energy-sharing,4. Planung: Modellspezifisch – Energy Sharing,esCapacitySizeKw,es_capacity_size_kw,118,Welche Größe hat die / haben die betroffene(n) EE-Anlage(n) in kW? (1000 kW = 1 MW),Welche Größe hat die / haben die betroffene(n) EE-Anlage(n) in kW? (1000 kW = 1 MW),,number,,nein,,,,,,,,nein,ja,"projectTypes enthält ""energysharing""",projectTypes,,sections[energy-sharing].questions[esCapacitySizeKw],aktiv
umfrage-ggv,,,energy-sharing,4. Planung: Modellspezifisch – Energy Sharing,esTechnologyDescription,es_technology_description,119,Welche Erzeugungstechnologie(n) sind beteiligt?,Welche Erzeugungstechnologie(n) sind beteiligt?,,textarea,,nein,,,,,,,,nein,ja,"projectTypes enthält ""energysharing""",projectTypes,,sections[energy-sharing].questions[esTechnologyDescription],aktiv
umfrage-ggv,,,energy-sharing,4. Planung: Modellspezifisch – Energy Sharing,esPartyCount,es_party_count,120,Wie viele Parteien sollen beliefert werden (oder werden schon beliefert)?,Wie viele Parteien sollen beliefert werden (oder werden schon beliefert)?,,number,,nein,,,,,,,,nein,ja,"projectTypes enthält ""energysharing""",projectTypes,,sections[energy-sharing].questions[esPartyCount],aktiv
umfrage-ggv,,,energy-sharing,4. Planung: Modellspezifisch – Energy Sharing,esConsumerTypes,es_consumer_types,121,Welche Stromverbraucher sollen eingebunden werden (oder sind schon eingebunden)?,Welche Stromverbraucher sollen eingebunden werden (oder sind schon eingebunden)?,,multi-select,,,,,,,,,,ja,ja,"projectTypes enthält ""energysharing""",projectTypes,,sections[energy-sharing].questions[esConsumerTypes],aktiv
umfrage-ggv,,,energy-sharing,4. Planung: Modellspezifisch – Energy Sharing,esConsumerDetails,es_consumer_details,122,Wie viele Stromverbraucher welchen Typs sollen eingebunden werden?,Wie viele Stromverbraucher welchen Typs sollen eingebunden werden?,,textarea,,nein,,,,,,,,nein,ja,"projectTypes enthält ""energysharing""",projectTypes,,sections[energy-sharing].questions[esConsumerDetails],aktiv
umfrage-ggv,,,energy-sharing,4. Planung: Modellspezifisch – Energy Sharing,esConsumerScope,es_consumer_scope,123,An wen soll der Strom geliefert werden (oder wird der Strom geliefert)?,An wen soll der Strom geliefert werden (oder wird der Strom geliefert)?,,single-select,,,,,,,,,,nein,ja,"projectTypes enthält ""energysharing""",projectTypes,,sections[energy-sharing].questions[esConsumerScope],aktiv
umfrage-ggv,,,energy-sharing,4. Planung: Modellspezifisch – Energy Sharing,esMaxDistance,es_max_distance,124,Wie groß ist der maximale geografische Abstand zwischen Anlagen und Verbrauchern (geplant oder realisiert)?,Wie groß ist der maximale geografische Abstand zwischen Anlagen und Verbrauchern (geplant oder realisiert)?,Eine ungefähre Schätzung reicht,text,,nein,,,,,,,,nein,ja,"projectTypes enthält ""energysharing""",projectTypes,Eine ungefähre Schätzung reicht,sections[energy-sharing].questions[esMaxDistance],aktiv
umfrage-ggv,,,energy-sharing,4. Planung: Modellspezifisch – Energy Sharing,esVnbContact,es_vnb_contact,125,Waren Sie bereits in Kontakt mit Ihrem Verteilnetzbetreiber zu dem Thema Energy Sharing?,Waren Sie bereits in Kontakt mit Ihrem Verteilnetzbetreiber zu dem Thema Energy Sharing?,,single-select,,,,,,,,,,nein,ja,"projectTypes enthält ""energysharing""",projectTypes,,sections[energy-sharing].questions[esVnbContact],aktiv
umfrage-ggv,,,energy-sharing,4. Planung: Modellspezifisch – Energy Sharing,esVnbResponse,es_vnb_response,126,Was war die Rückmeldung des Verteilnetzbetreibers?,Was war die Rückmeldung des Verteilnetzbetreibers?,,single-select,,,,,,,,,,nein,ja,"esVnbContact == ""ja""",esVnbContact,,sections[energy-sharing].questions[esVnbResponse],aktiv
umfrage-ggv,,,energy-sharing,4. Planung: Modellspezifisch – Energy Sharing,esNetzentgelteDiscussion,es_netzentgelte_discussion,127,Haben Sie mit Ihrem Verteilnetzbetreiber bereits über die Abrechnung der Netzentgelte gesprochen?,Haben Sie mit Ihrem Verteilnetzbetreiber bereits über die Abrechnung der Netzentgelte gesprochen?,,single-select,,,,,,,,,,nein,ja,"esVnbContact == ""ja""",esVnbContact,,sections[energy-sharing].questions[esNetzentgelteDiscussion],aktiv
umfrage-ggv,,,energy-sharing,4. Planung: Modellspezifisch – Energy Sharing,esInfoSources,es_info_sources,128,Welche Informationsquellen fanden Sie besonders hilfreich bei der Suche nach Informationen zu Energy Sharing?,Welche Informationsquellen fanden Sie besonders hilfreich bei der Suche nach Informationen zu Energy Sharing?,,textarea,,nein,,,,,,,,nein,ja,"projectTypes enthält ""energysharing""",projectTypes,,sections[energy-sharing].questions[esInfoSources],aktiv
umfrage-ggv,final,final,final,6. Abschluss,additionalExperiences,additional_experiences,129,Welche Erfahrungen möchten Sie noch teilen?,Welche Erfahrungen möchten Sie noch teilen?,,textarea,,nein,,,,,,,,nein,nein,,,,sections[final].questions[additionalExperiences],aktiv
umfrage-ggv,final,final,final,6. Abschluss,documentUpload,uploaded_documents,130,Möglichkeit zum Hochladen von Dokumenten,Möglichkeit zum Hochladen von Dokumenten,"z.B. Korrespondenz mit dem Verteilnetzbetreiber, Messkonzepte, Rechnungen (max. 5 Dateien)",file,,nein,,,,,,,,nein,nein,,,"z.B. Korrespondenz mit dem Verteilnetzbetreiber, Messkonzepte, Rechnungen (max. 5 Dateien)",sections[final].questions[documentUpload],aktiv
umfrage-ggv,final,final,final,6. Abschluss,surveyImprovements,survey_improvements,131,Haben Sie Verbesserungsvorschläge für diese Umfrage?,Haben Sie Verbesserungsvorschläge für diese Umfrage?,,textarea,,nein,,,,,,,,nein,nein,,,,sections[final].questions[surveyImprovements],aktiv
umfrage-ggv,final,final,final,6. Abschluss,npsScore,nps_score,132,"Wie wahrscheinlich ist es, dass Sie anderen die Umsetzung von GGV/Mieterstrom empfehlen würden?","Wie wahrscheinlich ist es, dass Sie anderen die Umsetzung von GGV/Mieterstrom empfehlen würden?",,rating,,nein,,,,,,,,nein,ja,"projectTypes enthält eines von [ggv, mieterstrom, ggv_oder_mieterstrom]",projectTypes,,sections[final].questions[npsScore],aktiv
